
insert into club (idclub,nombre) values (1,'CF ALFA');
insert into club (idclub,nombre) values (2,'CF BRAVO');
insert into club (idclub,nombre) values (3,'CF CHARLIE');
insert into club (idclub,nombre) values (4,'CF DELTA');
insert into club (idclub,nombre) values (5,'CF ECHO');
insert into campeonatos (idcampeonatos, nombre) values (1, 'SEGUNDA DIVISION CATALANA');
insert into campeonatos (idcampeonatos, nombre) values (2, 'PRIMERA DIVISION CATALANA');
insert into equipo (idequipo,idclub,nombre,idcampeonatos) values (1,'1', 'CF ALFA A',1);
insert into equipo (idequipo,idclub,nombre,idcampeonatos) values (2,'2', 'CF BRAVO A',1);
insert into equipo (idequipo,idclub,nombre,idcampeonatos) values (3,'3', 'CF CHARLIE A',1);
insert into equipo (idequipo,idclub,nombre,idcampeonatos) values (4,'4', 'CF DELTA A',2);
insert into equipo (idequipo,idclub,nombre,idcampeonatos) values (5,'5', 'CF ECHO A',2);
insert into jugadores (dni,nombre, apellidos, idequipo) values ('123456','Jaime', 'Martinez', '1');
insert into jugadores (dni,nombre, apellidos, idequipo) values ('234234','Jose', 'Garcia', '1');
insert into jugadores (dni,nombre, apellidos, idequipo) values ('654423','Javier', 'Sanchez', '1');
insert into jugadores (dni,nombre, apellidos, idequipo) values ('876543','Marta', 'Sanchez', '2');
insert into jugadores (dni,nombre, apellidos, idequipo) values ('232343','Sandra', 'Gall', '2');
insert into usuarios (username,email,nombre,password,role) values ('marin','marin@marin.com','Marin',MD5('marin'),'registered');
insert into usuarios (username,email,nombre,password,role) values ('judit','judit@judit.com','Judit',MD5('judit'),'registered');
insert into usuarios (username,email,nombre,password,role) values ('isaac','isaac@isaac.com','Isaac',MD5('isaac'),'registered');
insert into usuarios (username,email,nombre,password,role) values ('kilian','kilian@kilian.com','Kilian',MD5('kilian'),'registered');
insert into usuarios (username,email,nombre,password,role) values ('admin','admin@admin.com','Admin',MD5('admin'),'administrator');
